<?xml version="1.0" encoding="UTF-8"?>
<project-private xmlns="http://www.netbeans.org/ns/project-private/1">
    <editor-bookmarks xmlns="http://www.netbeans.org/ns/editor-bookmarks/2" lastBookmarkId="0"/>
    <open-files xmlns="http://www.netbeans.org/ns/projectui-open-files/2">
        <group>
            <file>file:/D:/Kelas%20XI/PBO/netbeans/XI-RPL3-1-master/ViolationFour/src/violationfour/Pelanggaran.java</file>
            <file>file:/D:/Kelas%20XI/PBO/netbeans/XI-RPL3-1-master/ViolationFour/src/views/Register.java</file>
            <file>file:/D:/Kelas%20XI/PBO/netbeans/XI-RPL3-1-master/ViolationFour/src/violationfour/Petugas.java</file>
            <file>file:/D:/Kelas%20XI/PBO/netbeans/XI-RPL3-1-master/ViolationFour/src/violationfour/Siswa.java</file>
            <file>file:/D:/Kelas%20XI/PBO/netbeans/XI-RPL3-1-master/ViolationFour/src/views/Login.java</file>
            <file>file:/D:/Kelas%20XI/PBO/netbeans/XI-RPL3-1-master/ViolationFour/src/dao/DataPelanggaran.java</file>
            <file>file:/D:/Kelas%20XI/PBO/netbeans/XI-RPL3-1-master/ViolationFour/src/violationfour/WargaSekolah.java</file>
            <file>file:/D:/Kelas%20XI/PBO/netbeans/XI-RPL3-1-master/ViolationFour/src/violationfour/MainProgram.java</file>
        </group>
    </open-files>
</project-private>
